{
    "rmse": 0.44038382281873767,
    "mae": 0.32687845036518637,
    "r2": 0.8147797421853864
}